{
  "hello": ["ndewo"],
  "hi": ["ndewo"],
  "good": ["ọma"],
  "good morning": ["ụtụtụ ọma"],
  "good night": ["ka chi fo"],
  "please": ["biko"],
  "thank you": ["dalu", "ịkele"],
  "sorry": ["ndo"],
  "yes": ["ee"],
  "no": ["mba"],
  "house": ["ụlọ"],
  "home": ["ụlọ"],
  "water": ["mmiri"],
  "food": ["nri"],
  "eat": ["ịri", "ırı"],
  "drink": ["ịṅụ"],
  "love": ["ịhụnanya"],
  "friend": ["enyi"],
  "family": ["ezinụlọ"],
  "child": ["nwa"],
  "man": ["nwoke"],
  "woman": ["nwanyị"],
  "boy": ["nwa okorọbia"],
  "girl": ["nwaanyị"],
  "school": ["ụlọ akwụkwọ"],
  "teacher": ["onye nkụzi"],
  "book": ["akwụkwọ"],
  "car": ["ụgbọala"],
  "road": ["ụzọ"],
  "market": ["ahịa"],
  "work": ["ọrụ"],
  "money": ["ego"],
  "time": ["oge"],
  "day": ["ụbọchị"],
  "night": ["abalị"],
  "sun": ["anyanwụ"],
  "rain": ["mmiri ozuzo"],
  "fire": ["ọkụ"],
  "tree": ["osisi"],
  "dog": ["nkịta"],
  "cat": ["pusi"],
  "bird": ["nnụnụ"],
  "run": ["gba ọsọ"],
  "walk": ["ije"],
  "sleep": ["izọ ụra", "ịrahụ ụra"],
  "open": ["meghee"],
  "close": ["mechie"],
  "enter": ["banye"],
  "exit": ["pụ"],
  "beautiful": ["mma"],
  "knife": ["mma"],
  "health": ["ahụ ike"],
  "doctor": ["dọkịta"],
  "help": ["nye aka", "nyere aka"],
  "welcome": ["nnọọ"],
  "phone": ["ekwentị"],
  "computer": ["kọmpụta"],
  "internet": ["ịntanetị"],
  "music": ["egwu"],
  "song": ["abụ"],
  "dance": ["gba egwu"],
  "sleepy": ["anyi ụra"],
  "tired": ["nwụchara"],
  "happy": ["ụtọ"],
  "sad": ["ọnwụ"],
  "angry": ["iwe"],
  "cry": ["kwaa"],
  "laugh": ["chịọchịọ"],
  "fast": [" ọsọ"],
  "slow": ["nwayọọ"],
  "hot": ["oke ọkụ"],
  "cold": ["ọkụdọ"],
  "big": ["ukwu"],
  "small": ["nta"],
  "long": ["ọsọ ogologo"],
  "short": ["mkpụmkpụ"],
  "left": ["aka ekpe"],
  "right": ["aka nri"],
  "up": ["elu"],
  "down": ["ala"],
  "inside": ["n'ime"],
  "outside": ["n'èzí"],
  "front": ["n'ihu"],
  "back": ["azụ"],
  "old": ["ochie"],
  "new": ["ọhụrụ"],
  "heavy": ["ibu"],
  "light": ["ọkụ"],
  "strong": ["ike"],
  "weak": ["adịghị ike"],
  "fasting": ["ịgba nri"],
  "rainy": [" mmiri ozuzo"],
  "sunny": ["ọma anyanwụ"],
  "cloudy": ["ánwụ gbara ọchịchịrị"],
  "storm": ["ọnwụ"],
  "wind": ["ifufe"],
  "mountain": ["ugwu"],
  "river": ["osimiri"],
  "sea": ["oke osimiri"],
  "lake": ["ọzara"],
  "fish": ["azù"],
  "meat": ["anụ"],
  "chicken": ["ọkụkọ"],
  "egg": ["akwụkwọ nri"],
  "bread": ["achịcha"],
  "rice": ["osikapa"],
  "bean": ["agwa"],
  "salt": ["nnu"],
  "sugar": ["shuga"],
  "oil": ["mmanụ"],
  "milk": ["mmị"],
  "tea": ["tii"],
  "coffee": ["kọfị"],
  "juice": ["mmanụ mkpụrụ osisi"],
  "fruit": ["ụtaba"],
  "vegetable": ["akwụkwọ nri"],
  "marketplace": ["ahịa"],
  "store": ["ụlọ ahịa"],
  "shop": ["ụlọ ahịa"],
  "clothes": ["uwe"],
  "shoe": ["akpụkpọ ụkwụ"],
  "hat": ["okpu"],
  "bag": ["akpa"],
  "bank": ["ụlọ akụ"],
  "hospital": ["ụlọ ọgwụ"],
  "station": ["ụlọ nkwakọba, ọdụ ụgbọ mmiri"],
  "bus": ["bọs"],
  "train": ["ụgbọ oloko"],
  "plane": ["ụgbọ elu"],
  "airport": [" ọdụ ụgbọ elu"]
}
